"Learning Block","Duration (Minutes)","Course","Modality","Workday Learning Link","Resource"
"Learning Block 01",,"Soluto_ASCND_VZW_LB1 Welcome to Asurion Trainer Guide","Trainer Guide","https://wd5.myworkday.com/asurion/learning/course/b6ea5643f87010011a05289e6dbf0001",
"Learning Block 01","5","Asurion_ASCND_All Welcome to Asurion Video","Video","https://wd5.myworkday.com/asurion/learning/course/aa49bae92d2210019ff7612523820000",
"Learning Block 01","45","Asurion_ASCND_All_Welcome to Asurion: Tech Connections Activity Guide","Activity Guide","https://wd5.myworkday.com/asurion/learning/course/00fd656d9fb8100117edf1182b420000",
"Learning Block 01","45","Soluto_ASCND_All_Innovation Lab Trainer Guide","Activity Guide","https://wd5.myworkday.com/asurion/learning/course/b6ea5643f8701001180d15cea09e0000",
"Learning Block 01","30","Asurion_All_Quest Password Manager","Resource","https://wd5.myworkday.com/asurion/learning/course/537b8cabbbe610016b5799da7bfb0000",
"Learning Block 01","20","Asurion_ASCND_All_Welcome to Asurion: The Training Journey","CBT","https://wd5.myworkday.com/asurion/learning/course/1c897e37ab5a100158f0bfe99d4d0001",
"Learning Block 01","15","Asurion_All_The Asurion Way","CBT","https://wd5.myworkday.com/asurion/d/inst/1$17816/17816$238.htmld",
"Learning Block 01","20","Asurion_ASCND_All_HR Essentials","CBT","https://wd5.myworkday.com/asurion/learning/course/1c897e37ab5a100159179ce8d9b40001",
"Learning Block 01","15","Asurion_ASCND_All_Asurion Essentials","CBT","https://wd5.myworkday.com/asurion/learning/course/64844428d3b01001097caca7a7810001",
"Learning Block 01","15","Compassion Forward and Inclusion & Belonging - US","CBT","https://wd5.myworkday.com/asurion/d/inst/1$17816/17816$422.htmld",
"Learning Block 01","5","Asurion_All_HUB Jabra Headset Policies and Procedures","CBT","https://wd5.myworkday.com/asurion/d/inst/1$17816/17816$416.htmld",
"Learning Block 01","10","Asurion_All_CPNI and Asurion ","CBT","https://wd5.myworkday.com/asurion/d/inst/1$17816/17816$407.htmld",
"Learning Block 01","5","Soluto_VZW_Treatment Of Information Acknowledgement","CBT","https://wd5.myworkday.com/asurion/d/inst/1$17816/17816$1176.htmld",
"Learning Block 01","5","Soluto_VZW_Employee Certification Acknowledgement","CBT","https://wd5.myworkday.com/asurion/d/inst/1$17816/17816$1109.htmld",
"Learning Block 01","5","Soluto_All_Paperless Clean Desk Environment Policy","CBT","https://wd5.myworkday.com/asurion/d/inst/1$17816/17816$524.htmld",
"Learning Block 01","5","Asurion_All_MS Teams Retention Policy","CBT","https://wd5.myworkday.com/asurion/d/inst/1$17816/17816$419.htmld",
"Learning Block 01","10","Asurion_All_Training Attendance Policy And Expectations","CBT","https://wd5.myworkday.com/asurion/d/inst/1$17816/17816$484.htmld",
"Learning Block 01","90","Integrity First: New Hire (Americas, PHL Employees)","CBT","https://wd5.myworkday.com/asurion/learning/program/ab560ee2ab771001246f0ab793550000?type=2d29754fdb8e100008b50ff6bc94003b",
"Learning Block 02",,"Soluto_ASCND_VZW_LB2 Expert Foundations- The Tech Coach Role & Call Flow Trainer Guide","Trainer Guide","https://wd5.myworkday.com/asurion/learning/course/00fd656d9fb8100119e8d29eaafe0000",
"Learning Block 02","1","Soluto_ASCND_VZW_LB2 Expert Foundations- The Tech Coach Role & Call Flow Intro Video","Video","https://wd5.myworkday.com/asurion/learning/course/00fd656d9fb8100117e48e77c0a00001?type=9882927d138b100019b928e75843018d",
"Learning Block 02","7","Soluto_ASCND_VZW_Intro to Tech Coach Role Video","Video","https://wd5.myworkday.com/asurion/learning/course/b6ea5643f87010011846e49be89a0000?type=9882927d138b100019b928e75843018d",
"Learning Block 02","5","Asurion_ASCND_All_Serve, Solve, Sell Overview Video","Video","https://wd5.myworkday.com/asurion/learning/course/b6ea5643f87010011869c3dea0ca0001?type=9882927d138b100019b928e75843018d",
"Learning Block 02","6","Soluto_All_Intro to Call Flow Video","Video","https://wd5.myworkday.com/asurion/d/inst/1$17816/17816$3384.htmld",
"Learning Block 02","15","Soluto_ASCND_VZW_Call Flow: Closer Look","CBT","https://wd5.myworkday.com/asurion/learning/course/200088594125100109a1c7c2777e0001",
"Learning Block 02","30","Soluto_ASCND_VZW_Intro to Scope of Support","CBT","https://wd5.myworkday.com/asurion/d/inst/1$17816/17816$1796.htmld?type=9882927d138b100019b928e75843018d",
"Learning Block 02","2","Soluto_ASCND_VZW_Call Greeting - Simulation","Simulation","https://wd5.myworkday.com/asurion/learning/course/00fd656d9fb810011922dda2a74e0000?type=9882927d138b100019b928e75843018d",
"Learning Block 02","2","Soluto_ASCND_VZW_Scope of Support - Simulation","Simulation","https://wd5.myworkday.com/asurion/learning/course/b6ea5643f8701001197fa4130f5d0000?type=9882927d138b100019b928e75843018d",
"Learning Block 02","2","Soluto_ASCND_VZW_Call Intent - Simulation","Simulation","https://wd5.myworkday.com/asurion/learning/course/b6ea5643f870100119bdcd30efd60000?type=9882927d138b100019b928e75843018d",
"Learning Block 02","2","Soluto_ASCND_VZW_Sales Discovery Questions - Simulation","Simulation","https://wd5.myworkday.com/asurion/learning/course/b6ea5643f870100119a4afe8398c0001?type=9882927d138b100019b928e75843018d",
"Learning Block 02","2","Soluto_ASCND_VZW_Empathy and Assurance - Simulation","Simulation","https://wd5.myworkday.com/asurion/learning/course/00fd656d9fb81001199cbb6caf9e0001?type=9882927d138b100019b928e75843018d",
"Learning Block 02","2","Soluto_ASCND_VZW_Active Listening - Simulation","Simulation","https://wd5.myworkday.com/asurion/learning/course/00fd656d9fb8100119b2eafa69050001?type=9882927d138b100019b928e75843018d",
"Learning Block 02","2","Soluto_ASCND_VZW_Call Control - Simulation","Simulation","https://wd5.myworkday.com/asurion/learning/course/00fd656d9fb8100119cbefcaa8930000?type=9882927d138b100019b928e75843018d",
"Learning Block 02","2","Soluto_ASCND_VZW_Call Closing - Simulation","Simulation","https://wd5.myworkday.com/asurion/learning/course/00fd656d9fb8100119e34f4345cb0000?type=9882927d138b100019b928e75843018d",
"Learning Block 02","15","Soluto_ASCND_VZW_Foundation Integration - Simulation","Simulation","https://wd5.myworkday.com/asurion/learning/course/00fd656d9fb810011a62d97078680000?type=9882927d138b100019b928e75843018d",
"Learning Block 02","1","Soluto_ASCND_VZW_LB2 Expert Foundations- The Tech Coach Role & Call Flow Outro Video","Video","https://wd5.myworkday.com/asurion/learning/course/b6ea5643f87010011869c3dea0ca0001?type=9882927d138b100019b928e75843018d",
"Learning Block 03",,"Soluto_ASCND_VZW_LB3 Tools for the Call Flow: Asurion Tools","Trainer Guide",,
"Learning Block 03","1","Soluto_ASCND_VZW_LB3 Tools for the Call Flow: Asurion Tools Intro Video","Video","https://wd5.myworkday.com/asurion/learning/course/1c897e37ab5a100157d651a3f1d30001",
"Learning Block 03","3","Asurion_ASCND_All_Introduction to Expert Workspace Video","Video","https://wd5.myworkday.com/asurion/d/inst/1$17816/17816$2521.htmld",
"Learning Block 03","20","Soluto_ASCND_VZW_Expert Workspace Overview ","CBT","https://wd5.myworkday.com/asurion/learning/course/200088594125100109baea69be6a0000",
"Learning Block 03","2","Asurion_ASCND_All_Expert Assist Video","Video","https://wd5.myworkday.com/asurion/d/inst/1$17816/17816$2522.htmld",
"Learning Block 03","10","Asurion_ASCND_All_Helix Search","CBT","https://wd5.myworkday.com/asurion/learning/course/64844428d3b0100109bde109fd2d0001",
"Learning Block 03","20","Soluto_ASCND_VZW_Guided Flows","CBT","https://wd5.myworkday.com/asurion/learning/course/64844428d3b0100109ca30a1a30c0001",
"Learning Block 03","20","Asurion_ASCND_All_LogMeIn","CBT","https://wd5.myworkday.com/asurion/learning/course/64844428d3b0100109e6ab91899f0001",
"Learning Block 03","4","Soluto_ASCND_VZW_Simulation Launch Flow","Video","https://wd5.myworkday.com/asurion/learning/course/aa49bae92d221001f2c7bed444bd0000",
"Learning Block 03","3","Soluto_ASCND_VZW_Expert Workspace- Customer Search and Identify","Simulation","https://wd5.myworkday.com/asurion/email-universal/inst/17816$3988/rel-task/2998$29489.htmld",
"Learning Block 03","3","Soluto_ASCND_VZW_Expert Assist Vague Prompt","Simulation","https://wd5.myworkday.com/asurion/email-universal/inst/17816$3981/rel-task/2998$29489.htmld",
"Learning Block 03","10","Soluto_ASCND_VZW_Asurion Tools_Tool Efficiency","Simulation","https://wd5.myworkday.com/asurion/email-universal/inst/17816$3970/rel-task/2998$29489.htmld",
"Learning Block 03","1","Soluto_ASCND_VZW_LB3 Tools for the Call Flow: Asurion Tools Outro Video","Video","https://wd5.myworkday.com/asurion/learning/course/aa49bae92d22100158284a8f80b80000",
"Learning Block 04",,"Soluto_ASCND_VZW_LB4 Tools for the Call Flow: Client Tools Trainer Guide","Trainer Guide",,
"Learning Block 04","1","Soluto_ASCND_VZW_LB4 Tools for the Call Flow: Client Tools Intro Video","Video",,
"Learning Block 04","20","Soluto_ASCND_VZW_ACSS Foundations","CBT","https://wd5.myworkday.com/asurion/learning/course/64844428d3b0100109f8c85d1a9b0000",
"Learning Block 04","15","Soluto_ASCND_VZW_InfoManager Foundations","CBT","https://wd5.myworkday.com/asurion/learning/course/20008859412510010a124f082d430000",
"Learning Block 04","20","Soluto_ASCND_VZW_TRG Foundations","CBT","https://wd5.myworkday.com/asurion/learning/course/64844428d3b010010a23cff2276d0001",
"Learning Block 04","5","Soluto_VZW_ASCEND_ACSS_Basics_Plan_Features_Hotspot_Simulation","Simulation",,
"Learning Block 04","5","Soluto_VZW_ASCEND_ACSS_Basics_Line_Usage_Data_Restart_Simulation ","Simulation",,
"Learning Block 04","10","Soluto_VZW_ASCEND_ACSS_Activation_Guided_Flow_IMEI_Entry_Simulation","Simulation",,
"Learning Block 04","5","Soluto_VZW_ASCEND_TRG_Basics_SMS_Failing_Scenario_Simulation ","Simulation",,
"Learning Block 04","10","Soluto_VZW_ASCEND_InfoManager_Process_Question_Reference_Simulation","Simulation",,
"Learning Block 04","15","Soluto_VZW_ASCEND_Client_Tool_Integration_Line_Status_Network_Concern_Simulation ","Simulation",,
"Learning Block 04","1","Soluto_ASCND_VZW_LB4 Tools for the Call Flow: Client Tools Outro Video","Video",,
"Learning Block 05",,"Soluto_ASCND_VZW_LB5 Sales Foundation: Product Knowledge, Compliance, & Integrity Trainer Guide","Trainer Guide",,
"Learning Block 05","1","Soluto_ASCND_VZW_LB5 Sales Foundation: Product Knowledge, Compliance, & Integrity Intro Video","Video",,
"Learning Block 05","15","Soluto_ASCND_VZW_Home Plans and Insurance","CBT","https://wd5.myworkday.com/asurion/learning/course/20008859412510010a38b04b1efd0001",
"Learning Block 05","20","Soluto_ASCND_VZW_Verizon Home Device Protect Product Details ","CBT","https://wd5.myworkday.com/asurion/learning/course/20008859412510010c417ba678200000",
"Learning Block 05","10","Asurion_All_Sales Compliance for Everyone","CBT","https://wd5.myworkday.com/asurion/email-universal/inst/17816$439/rel-task/2998$29489.htmld",
"Learning Block 05","30","Asurion_All_Sales Integrity Acknowledgement (New Hire 2026)","CBT","https://wd5.myworkday.com/asurion/learning/course/43360ed599dd10016b35bb4737960001?type=9882927d138b100019b928e75843018d",
"Learning Block 05","5","Soluto_VZW_ASCEND_Sales_Foundations_Home_Plans_vs_Insurance_REVISED_Simulation ","Simulation",,
"Learning Block 05","5","Soluto_VZW_ASCEND_Sales_Foundations_VHDP_Basic_Plan_Benefits_REVISED_Simulation","Simulation",,
"Learning Block 05","10","Soluto_VZW_ASCEND_Sales_Foundations_VHDP_Detailed_Product_Questions_REVISED_Simulation","Simulation",,
"Learning Block 05","5","Soluto_VZW_ASCEND_Sales_Foundations_VHDP_Customer_Value_Description_REVISED_Simulation ","Simulation",,
"Learning Block 05","5","Soluto_VZW_ASCEND_Sales_Foundations_Unsupported_VHDP_Statement_Replacement_REVISED_Simulation ","Simulation",,
"Learning Block 05","1","Soluto_ASCND_VZW_LB5 Sales Foundation: Product Knowledge, Compliance, & Integrity Outro Video","Video",,
"Learning Block 06",,"Soluto_ASCND_VZW_LB6 Call Flow Stage 1: Greeting, Verify, Assess, Empathy & Assurance Trainer Guide","Trainer Guide",,
"Learning Block 06","1","Soluto_ASCND_VZW_LB6 Call Flow Stage 1: Greeting, Verify, Assess, Empathy & Assurance Intro Video","Video",,
"Learning Block 06","10","Soluto_ASCND_VZW_Verizon Tech Coach Greeting","CBT","https://wd5.myworkday.com/asurion/learning/course/64844428d3b010010c4df913730d0001",
"Learning Block 06","5","Soluto_ASCND_VZW_Verification Protects Everyone Video","Video",,
"Learning Block 06","20","Soluto_ASCND_VZW_Verification Overview ","CBT","https://wd5.myworkday.com/asurion/learning/course/64844428d3b010010c589cf863e70000",
"Learning Block 06","15","Soluto_ASCND_VZW_Account Assessment","CBT","https://wd5.myworkday.com/asurion/learning/course/64844428d3b010010c68358fee6d0001",
"Learning Block 06","5","Asurion_ASCND_All_Empathy & Assurance Video","Video",,
"Learning Block 06","3","Soluto_VZW_ASCEND_Greeting_Name_and_Phone_Number_Call_Opening_Simulation","Simulation",,
"Learning Block 06","3","Soluto_VZW_ASCEND_Verification_Account_Owner_Happy_Path_Simulation","Simulation",,
"Learning Block 06","3","Soluto_VZW_ASCEND_Verification_Account_Manager_Happy_Path_Simulation","Simulation",,
"Learning Block 06","5","Soluto_VZW_ASCEND_Verification_Adaptive_Authentication_Failure_Simulation","Simulation",,
"Learning Block 06","3","Soluto_VZW_ASCEND_Account_Assessment_After_Verification_Simulation","Simulation",,
"Learning Block 06","1","Soluto_ASCND_VZW_LB6 Call Flow Stage 1: Greeting, Verify, Assess, Empathy & Assurance Outro Video","Video",,
"Learning Block 07",,"Soluto_ASCND_VZW_LB7 Call Flow Stage 2: Troubleshooting Basics Trainer Guide","Trainer Guide",,
"Learning Block 07","1","Soluto_ASCND_VZW_LB7 Call Flow Stage 2: Troubleshooting Basics Intro Video","Video",,
"Learning Block 07","4","Asurion_All_Intro to Troubleshooting Video","Video","https://wd5.myworkday.com/asurion/d/inst/1$17816/17816$3396.htmld",
"Learning Block 07","15","Soluto_ASCND_All_How to Troubleshoot Using Tools","CBT","https://wd5.myworkday.com/asurion/learning/course/64844428d3b010010c7a298a80490001",
"Learning Block 07","15","Soluto_ASCND_All_How to Use Active Listening While Troubleshooting","CBT","https://wd5.myworkday.com/asurion/learning/course/20008859412510010ca5ca35219b0000",
"Learning Block 07","10","Soluto_ASCND_All_When Troubleshooting Does Not Resolve the Issue","CBT","https://wd5.myworkday.com/asurion/learning/course/20008859412510010cb3526f0c4f0001",
"Learning Block 07","5","Soluto_VZW_ASCEND_Troubleshooting_Methodology_Probing_Questions_Simulation","Simulation",,
"Learning Block 07","10","Soluto_VZW_ASCEND_Troubleshooting_Guided_Flow_Symptom_to_Resolution_Simulation","Simulation",,
"Learning Block 07","10","Soluto_VZW_ASCEND_Troubleshooting_Pivot_After_First_Steps_Fail_Simulation","Simulation",,
"Learning Block 07","5","Soluto_VZW_ASCEND_Active_Listening_Missed_Detail_Simulation","Simulation",,
"Learning Block 07","5","Soluto_VZW_ASCEND_Transfer_Clear_Reasoning_Expectation_Setting_Simulation","Simulation",,
"Learning Block 07","10","Soluto_VZW_ASCEND_Troubleshooting_Frustrated_Customer_Resolution_Simulation","Simulation",,
"Learning Block 07","15","Soluto_VZW_ASCEND_Troubleshooting_Integration_Greeting_to_Resolution_Simulation","Simulation",,
"Learning Block 07","1","Soluto_ASCND_VZW_LB7 Call Flow Stage 2: Troubleshooting Basics Outro Video","Video",,
"Learning Block 08",,"Soluto_ASCND_VZW_LB8 Call Flow Stage 2: Solve & Test- Device Basics Trainer Guide","Trainer Guide",,
"Learning Block 08","1","Soluto_ASCND_VZW_LB8 Call Flow Stage 2: Solve & Test- Device Basics Intro Video","Video",,
"Learning Block 08","7","Soluto_ASCND_All_Common Devices Video","Video",,
"Learning Block 08","15","Soluto_ASCND_All_iOS vs Android","CBT","https://wd5.myworkday.com/asurion/learning/course/64844428d3b010010cb9c74f4ebf0001",
"Learning Block 08","10","Soluto_VZW_ASCEND_Android_Bluetooth_Discovery_Simulation","Simulation",,
"Learning Block 08","3","Soluto_VZW_ASCEND_Device_Identification_iPhone_Watch_Password_Clarification_Simulation","Simulation",,
"Learning Block 08","5","Soluto_VZW_ASCEND_Device_Identification_Unknown_Device_Info_Discovery_Simulation","Simulation",,
"Learning Block 08","3","Soluto_VZW_ASCEND_Device_Settings_iPhone_App_Notifications_Simulation","Simulation",,
"Learning Block 08","3","Soluto_VZW_ASCEND_Device_Settings_Samsung_Microphone_Permissions_Simulation","Simulation",,
"Learning Block 08","5","Soluto_VZW_ASCEND_Device_Settings_Facebook_Camera_Roll_Permissions_Expert_Assist_Simulation","Simulation",,
"Learning Block 08","10","Soluto_VZW_ASCEND_Connected_Accessory_Smartwatch_Pairing_Path_Recovery_Simulation","Simulation",,
"Learning Block 08","15","Soluto_VZW_ASCEND_Device_Concerns_Capstone_Android_Menu_Path_Adaptation_Simulation","Simulation",,
"Learning Block 08","1","Soluto_ASCND_VZW_LB8 Call Flow Stage 2: Solve & Test- Device Basics Outro Video","Video",,
"Learning Block 09",,"Soluto_ASCND_VZW_LB9 Call Flow Stage 2: Solve & Test- Hardware vs Software Trainer Guide","Trainer Guide",,
"Learning Block 09","1","Soluto_ASCND_VZW_LB9 Call Flow Stage 2: Solve & Test- Hardware vs Software Intro Video","Video",,
"Learning Block 09","4","Soluto_ASCND_All_Hardware vs Software Video","Video",,
"Learning Block 09","10","Soluto_ASCND_All_Hardware and Software Concerns","CBT","https://wd5.myworkday.com/asurion/learning/course/20008859412510010ccdfaa862f80000",
"Learning Block 09","10","Soluto_VZW_ASCEND_Carrier_App_Verizon_Family_App_Install_Simulation","Simulation",,
"Learning Block 09","10","Soluto_VZW_ASCEND_Non_Client_App_Facebook_Photo_Permissions_Simulation","Simulation",,
"Learning Block 09","15","Soluto_VZW_ASCEND_Email_Troubleshooting_Remove_Read_Account_Simulation","Simulation",,
"Learning Block 09","10","Soluto_VZW_ASCEND_Software_Update_Readiness_Check_Simulation","Simulation",,
"Learning Block 09","15","Soluto_VZW_ASCEND_Slow_Device_Performance_Storage_Update_Options_Simulation","Simulation",,
"Learning Block 09","15","Soluto_VZW_ASCEND_Hardware_Discovery_Camera_Moisture_Simulation","Simulation",,
"Learning Block 09","10","Soluto_VZW_ASCEND_Screen_Display_iPhone_Frozen_Screen_Hard_Reset_Simulation","Simulation",,
"Learning Block 09","15","Soluto_VZW_ASCEND_Battery_Discovery_Battery_Health_Education_Simulation","Simulation",,
"Learning Block 09","1","Soluto_ASCND_VZW_LB9 Call Flow Stage 2: Solve & Test- Hardware vs Software Outro Video","Video",,
"Learning Block 10",,"Soluto_ASCND_VZW_LB10 Call Flow Stage 2: Solve & Test- Networking Trainer Guide","Trainer Guide",,
"Learning Block 10","1","Soluto_ASCND_VZW_LB10 Call Flow Stage 2: Solve & Test- Networking Intro Video","Video",,
"Learning Block 10","6","Soluto_ASCND_All_Understanding Network Concerns Video","Video",,
"Learning Block 10","15","Soluto_ASCND_VZW_Network Concerns","CBT",,
"Learning Block 10","10","Soluto_VZW_ASCEND_Network_Discovery_Service_Impact_Isolation_Simulation","Simulation",,
"Learning Block 10","15","Soluto_VZW_ASCEND_Network_Guided_Flow_Samsung_Calls_TRG_Path_Simulation","Simulation",,
"Learning Block 10","10","Soluto_VZW_ASCEND_Network_Guided_Flow_SMS_Text_Message_Path_Simulation","Simulation",,
"Learning Block 10","10","Soluto_VZW_ASCEND_Network_TRG_Path_No_Network_SOS_Simulation","Simulation",,
"Learning Block 10","10","Soluto_VZW_ASCEND_Network_Data_Issue_Network_Settings_Reset_Validation_Simulation","Simulation",,
"Learning Block 10","5","Soluto_VZW_ASCEND_Network_Calls_Issue_Outgoing_Calls_Validation_Simulation","Simulation",,
"Learning Block 10","5","Soluto_VZW_ASCEND_Network_Messaging_SMS_Not_Sending_Validation_Simulation","Simulation",,
"Learning Block 10","5","Soluto_VZW_ASCEND_Network_Hotspot_Plan_Device_Connection_Isolation_Simulation","Simulation",,
"Learning Block 10","15","Soluto_VZW_ASCEND_Network_End_to_End_Slow_Data_Call_Simulation","Simulation",,
"Learning Block 10","1","Soluto_ASCND_VZW_LB10 Call Flow Stage 2: Solve & Test- Networking Outro Video","Video",,
"Learning Block 11",,"Soluto_ASCND_VZW_LB11 Call Flow Stage 2: Solve & Test- Activations and Device Onboarding Trainer Guide","Trainer Guide",,
"Learning Block 11","1","Soluto_ASCND_VZW_LB11 Call Flow Stage 2: Solve & Test- Activations and Device Onboarding Intro Video","Video",,
"Learning Block 11","10","Soluto_ASCND_VZW_Activations: Expert Role, Customer Role, and Tool Intro","CBT","https://wd5.myworkday.com/asurion/learning/course/20008859412510010d0806d3bb270000",
"Learning Block 11","25","Soluto_ASCND_VZW_Activations Process","CBT",,
"Learning Block 11","10","Soluto_VZW_ASCEND_Phone_Activation_iPhone_Happy_Path_Service_Confirmation_Simulation","Simulation",,
"Learning Block 11","10","Soluto_VZW_ASCEND_Phone_Activation_Android_Happy_Path_Service_Confirmation_Simulation","Simulation",,
"Learning Block 11","10","Soluto_VZW_ASCEND_Replacement_Samsung_Activation_SIM_Smart_Switch_REVISED_Simulation ","Simulation",,
"Learning Block 11","10","Soluto_VZW_ASCEND_eSIM_Activation_Primary_Path_Stall_Simulation","Simulation",,
"Learning Block 11","10","Soluto_VZW_ASCEND_QR_Code_Failure_Manual_Activation_Fallback_Simulation","Simulation",,
"Learning Block 11","10","Soluto_VZW_ASCEND_SOS_No_Service_Device_Replacement_Activation_Path_Simulation","Simulation",,
"Learning Block 11","10","Soluto_VZW_ASCEND_Activation_Error_Android_ACSS_TRG_Guided_Flow_Simulation","Simulation",,
"Learning Block 11","10","Soluto_VZW_ASCEND_Apple_Watch_Activation_Happy_Path_Service_Confirmation_Simulation","Simulation",,
"Learning Block 11","5","Soluto_VZW_ASCEND_Activation_Validation_Calls_Texts_Data_Simulation","Simulation",,
"Learning Block 11","15","Soluto_VZW_ASCEND_Activation_End_to_End_Phone_Activation_Call_Simulation","Simulation",,
"Learning Block 11","10","Soluto_VZW_Content Backup and Transfer Video","Video","https://wd5.myworkday.com/asurion/d/inst/1$17816/17816$2500.htmld",
"Learning Block 11","10","Soluto_VZW_ASCEND_Content_Transfer_iPhone_Happy_Path_Simulation","Simulation",,
"Learning Block 11","10","Soluto_VZW_ASCEND_Content_Transfer_Samsung_Smart_Switch_Happy_Path_Simulation","Simulation",,
"Learning Block 11","5","Soluto_VZW_ASCEND_Content_Transfer_Android_Google_Backup_Simulation","Simulation",,
"Learning Block 11","5","Soluto_VZW_ASCEND_Content_Transfer_Old_Device_Unavailable_Cloud_Restore_Expectations_Simulation","Simulation",,
"Learning Block 11","5","Soluto_VZW_ASCEND_Activation_Onboarding_End_to_End_Replacement_Phone_Call_Simulation","Simulation",,
"Learning Block 11","1","Soluto_ASCND_VZW_LB11 Call Flow Stage 2: Solve & Test- Activations and Device Onboarding Outro Video","Video",,
"Learning Block 12",,"Soluto_ASCND_VZW_LB12 Call Flow Stage 2: Solve & Test- Carrier Account Trainer Guide","Trainer Guide",,
"Learning Block 12","1","Soluto_ASCND_VZW_LB12 Call Flow Stage 2: Solve & Test- Carrier Account Intro Video","Video",,
"Learning Block 12","5","Soluto_ASCND_VZW_My Verizon Account Video","Video",,
"Learning Block 12","15","Soluto_ASCND_VZW_Account Concerns","CBT",,
"Learning Block 12","5","Soluto_VZW_ASCEND_Carrier_Account_Discovery_Line_Status_Call_Driver_Simulation","Simulation",,
"Learning Block 12","5","Soluto_VZW_ASCEND_My_Verizon_Self_Service_Access_Reset_Simulation","Simulation",,
"Learning Block 12","3","Soluto_VZW_ASCEND_Carrier_Account_PIN_Temporary_Password_Support_Path_Simulation","Simulation",,
"Learning Block 12","5","Soluto_VZW_ASCEND_Carrier_Account_Plan_Features_Caller_ID_Preferences_Self_Service_Simulation","Simulation",,
"Learning Block 12","5","Soluto_VZW_ASCEND_Carrier_Account_Line_Status_Suspend_Line_Self_Service_Simulation","Simulation",,
"Learning Block 12","5","Soluto_VZW_ASCEND_Carrier_Account_International_Calling_Guidance_Simulation","Simulation",,
"Learning Block 12","15","Soluto_VZW_ASCEND_Carrier_Account_End_to_End_My_Verizon_Locked_Out_Call_Simulation","Simulation",,
"Learning Block 12","15","Soluto_VZW_ASCEND_Carrier_Account_End_to_End_Bill_Question_Call_Simulation","Simulation",,
"Learning Block 12","1","Soluto_ASCND_VZW_LB12 Call Flow Stage 2: Solve & Test- Carrier Account Outro Video","Video",,
"Learning Block 13",,"Soluto_ASCND_VZW_LB13 Call Flow Stage 2: Solve & Test- Insurance & Warranty Claims Trainer Guide","Trainer Guide",,
"Learning Block 13","1","Soluto_ASCND_VZW_LB13 Call Flow Stage 2: Solve & Test- Insurance & Warranty Claims Intro Video","Video",,
"Learning Block 13","6","Soluto_VZW_Introduction to Repair and Replacements Video","Video","https://wd5.myworkday.com/asurion/d/inst/1$17816/17816$3157.htmld?record=5d31e209b0881001fb44bced12fe0000&type=9882927d138b100019b928e75843018d",
"Learning Block 13","10","Soluto_ASCND_VZW_Insurance Claims","CBT","https://wd5.myworkday.com/asurion/learning/course/64844428d3b010010d0fd7695ab00001",
"Learning Block 13","30","Soluto_ASCND_VZW_Device Repair and Replacements","CBT",,
"Learning Block 13","5","Soluto_VZW_ASCEND_Insurance_Warranty_Coverage_Discovery_REVISED_Simulation","Simulation",,
"Learning Block 13","5","Soluto_VZW_ASCEND_Insurance_Warranty_Coverage_Verification_Tool_Path_REVISED_Simulation","Simulation",,
"Learning Block 13","5","Soluto_VZW_ASCEND_Insurance_Claims_Damage_Ineligible_Warranty_SUR_AE_Fee_Transfer_REVISED_Simulation","Simulation",,
"Learning Block 13","15","Soluto_VZW_ASCEND_Insurance_Warranty_End_to_End_CLNR_Processing_REVISED_Simulation","Simulation",,
"Learning Block 13","1","Soluto_ASCND_VZW_LB13 Call Flow Stage 2: Solve & Test- Insurance & Warranty Claims Outro Video","Video",,
"Learning Block 14",,"Soluto_ASCND_VZW_LB14 Call Flow Stage 4: Sales in Action Trainer Guide","Trainer Guide",,
"Learning Block 14","1","Soluto_ASCND_VZW_LB14 Call Flow Stage 4: Sales in Action Intro Video","Video",,
"Learning Block 14","5","Soluto_ASCND_All_Buying Decision Video","Video",,
"Learning Block 14","5","Soluto_ASCND_All_Smart Offer Overview Video","Video",,
"Learning Block 14","15","Soluto_ASCND_VZW_Smart Offer Part 1","CBT","https://wd5.myworkday.com/asurion/learning/course/64844428d3b010010d1de0960dff0000",
"Learning Block 14","25","Soluto_ASCND_VZW_Smart Offer Part 2","CBT","https://wd5.myworkday.com/asurion/learning/course/20008859412510010d52f421f1940001",
"Learning Block 14","10","Soluto_ASCND_VZW_Sales Compliance Refresher","CBT","https://wd5.myworkday.com/asurion/learning/course/64844428d3b010010d6b15b00bf10000",
"Learning Block 14","3","Soluto_VZW_ASCEND_Sales_Offer_Transition_Statement_Practice_Simulation","Simulation",,
"Learning Block 14","3","Soluto_VZW_ASCEND_Smart_Offer_Core_Benefits_As_Written_Simulation","Simulation",,
"Learning Block 14","5","Soluto_VZW_ASCEND_Smart_Offer_Core_Benefits_Conversational_Delivery_Simulation","Simulation",,
"Learning Block 14","3","Soluto_VZW_ASCEND_Smart_Offer_First_Objection_Empathy_Value_Statement_Simulation","Simulation",,
"Learning Block 14","3","Soluto_VZW_ASCEND_Smart_Offer_Clear_Decline_Service_Focused_Close_Simulation","Simulation",,
"Learning Block 14","5","Soluto_VZW_ASCEND_Smart_Offer_Enrollment_After_Affirmative_Consent_Simulation","Simulation",,
"Learning Block 14","15","Soluto_VZW_ASCEND_Sales_End_to_End_Resolved_Service_Offer_Close_Simulation","Simulation",,
"Learning Block 14","1","Soluto_ASCND_VZW_LB14 Call Flow Stage 4: Sales in Action Outro Video","Video",,
"Learning Block 15",,"Soluto_ASCND_VZW_LB15 Call Flow Stage 5: Confirm, Recap, & Close Trainer Guide","Trainer Guide",,
"Learning Block 15","1","Soluto_ASCND_VZW_LB15 Call Flow Stage 5: Confirm, Recap, & Close Intro Video","Video",,
"Learning Block 15","15","Soluto_ASCND_VZW_The Closing Framework ","CBT",,
"Learning Block 15","5","Soluto_VZW_ASCEND_Call_Flow_Closing_Email_Send_Resolution_Confirmation_Simulation","Simulation",,
"Learning Block 15","15","Soluto_VZW_ASCEND_Call_Flow_Closing_Three_Part_Close_Simulation","Simulation",,
"Learning Block 15","5","Soluto_VZW_ASCEND_Call_Flow_Closing_Partial_Resolution_Verizon_Family_Simulation","Simulation",,
"Learning Block 15","3","Soluto_VZW_ASCEND_Call_Flow_Closing_Escalation_Closeout_Ownership_Expectations_Simulation","Simulation",,
"Learning Block 15","1","Soluto_ASCND_VZW_LB15 Call Flow Stage 5: Confirm, Recap, & Close Intro Video","Video",,
"Learning Block 16",,"Soluto_ASCND_VZW_LB16 Expert Readiness- Training Closing Trainer Guide","Trainer Guide",,
"Learning Block 16","1","Soluto_ASCND_VZW_LB16 Expert Readiness- Training Closing Intro Video","Video",,
"Learning Block 16","15","Asurion_ASCND_All Using Aspect and Reporting Downtime Procedures","CBT",,
"Learning Block 16","15","Soluto_ASCND_VZW_Metrics Overview","CBT","https://wd5.myworkday.com/asurion/learning/course/20008859412510010d9085ba6caa0000",
"Learning Block 16","10","Soluto_ASCND_VZW_Verizon Yubikey Registration","CBT",,
"Learning Block 16","105","Verizon Required Courses","Resource","https://wd5.myworkday.com/asurion/d/inst/1$17816/17816$1231.htmld",
"Learning Block 16","15","Soluto_VZW_ASCEND_Production_Readiness_Mixed_Queue_Activation_Content_Transfer_Simulation","Simulation",,
"Learning Block 16","15","Soluto_VZW_ASCEND_Production_Readiness_Mixed_Queue_App_Slowness_Device_Performance_Call_Simulation","Simulation",,
"Learning Block 16","15","Soluto_VZW_ASCEND_Production_Readiness_Readiness_Gate_No_Network_TRG_Smart_Offer_Simulation","Simulation",,
"Learning Block 16","15","Soluto_VZW_ASCEND_Production_Readiness_Readiness_Gate_Insurance_Replacement_Activation_Call_Simulation","Simulation",,
"Learning Block 16","1","Soluto_ASCND_VZW_LB16 Expert Readiness- Training Closing Outro Video","Video",,
